woman_director;murder;based_on_novel;musical;sex;violence;nudity;revenge;biography;suspense;love;female_nudity;sport;police;duringcreditsstinger;teenager;sequel;friendship;world_war_ii;stand;drug;up_comedy;prison;high_school;martial_arts;family;suicide;rape;silent_film;film_noir;kidnapping;serial_killer;monster;alien;dystopia;paris;new_york;blood;short;gay;marriage;christmas;death;gangster;gore;zombie;small_town;detective;london_england
tt1984110|Among Friends;tt0069421|Your Vice is a Locked Room and Only I Have the Key;tt1995390|Our Kind of Traitor;tt0040976|Words and Music;tt0443496|Edmond;tt0244244|Swordfish;tt0077270|The Boys in Company C;tt2073661|Stranded;tt0046564|Young Bess;tt0065677|Forbidden Photos of a Lady Above Suspicion;tt0038510|Enamorada;tt0110823|Phantasm III: Lord of the Dead;tt1258123|A Matter of Size;tt0094963|The Dead Pool;tt2294449|22 Jump Street;tt1879032|Rapture-Palooza;tt0067671|The Return of Count Yorga;tt0362227|The Terminal;tt0037017|Lifeboat;tt6900644|Hasan Minhaj: Homecoming King;tt0117194|No Way Home;tt3883282|I Am Road Comic;tt0411098|All the Invisible Children;tt0472050|Bart Got a Room;tt0089371|Mr. Vampire;tt0318202|To Be and to Have;tt5895028|13th;tt0120070|Savior;tt0015268|The Red Lily;tt0044863|Macao;tt1375666|Inception;tt0017075|The Lodger: A Story of the London Fog;tt0064373|Godzilla's Revenge;tt0078749|Alien 2: On Earth;tt0084827|Tron;tt0050419|Funny Face;tt0383028|Synecdoche, New York;tt1891923|The Hoarder;tt0063417|Pas de Deux;tt0889583|Brüno;tt0376006|Book of Love;tt0107471|My Favorite Season;tt0872022|Heavenly Forest;tt3569230|Legend;tt2944198|Backcountry;tt0378417|Night of the Living Dorks;tt0093225|Housekeeping;tt0093723|Perry Mason: The Case of the Murdered Madam;tt1821694|RED 2
tt0147590|Tattooed Tears;tt0069007|The Nightcomers;tt0068496|Don Quijote cabalga de nuevo;tt0041687|Neptune's Daughter;tt0328077|Love Object;tt0867334|Jolene;tt0077247|Bloodsucking Freaks;tt0246677|Heaven;tt3210686|Son of God;tt0073747|The Stepford Wives;tt0077362|Coming Home;tt0076869|Vanessa;tt3499096|Race;tt0079688|Over the Edge;tt0233142|3000 Miles to Graceland;tt1214961|Happy Days;tt1988591|Death Race: Inferno;tt0053321|Summer of the Seventeenth Doll;tt0378848|1944 The Final Defence;tt1179947|American: The Bill Hicks Story;tt0186253|Jesus' Son;tt1568926|I Am Comic;tt2797106|Way Back Home;tt4950110|I'm Not Ashamed;tt0093015|Dragons Forever;tt1065073|Boyhood;tt0094011|Under the Sun of Satan;tt0077191|To Be Twenty;tt0203700|A Morning Bath;tt0044789|Kansas City Confidential;tt0080016|Thirst;tt1107859|Kill Switch;tt0057970|The Creeping Terror;tt0322008|Terminal Invasion;tt1753496|Resident Evil: Damnation;tt0329388|Monsieur Ibrahim;tt1273675|Rent: Filmed Live on Broadway;tt2268433|End of a Gun;tt0177956|Opus IV;tt0250478|Nico and Dani;tt0021060|Let Us Be Gay;tt5739680|A December Bride;tt0021542|Westfront 1918;tt0104427|Hoffa;tt0059079|Come Drink with Me;tt1838571|Juan of the Dead;tt3919218|How to Plan an Orgy in a Small Town;tt0086407|Secret of the Blackbirds;tt0071807|The Man with the Golden Gun
tt1638979|Hey, Boo: Harper Lee & To Kill a Mockingbird;tt0069019|Don't Torture a Duckling;tt0068492|Claude Chabrol's High Heels;tt0041604|Love Happy;tt0106579|Clean, Shaven;tt0095016|Die Hard;tt0077191|To Be Twenty;tt0065997|A Long Ride from Hell;tt3228360|Yalom's Cure;tt0073679|Special Section;tt0061407|The Taming of the Shrew;tt0110978|Texas Chainsaw Massacre: The Next Generation;tt0077199|The Bad News Bears Go to Japan;tt1828970|Evidence;tt1663662|Pacific Rim;tt0060636|Lord Love a Duck;tt0068264|Ben;tt0018578|Wings;tt0036430|This Is the Army;tt5596266|Stephen Lynch: Hello Kalamazoo;tt2364659|The Fall of the Essex Boys;tt2122460|Russell Howard: Right Here Right Now;tt0110678|No Escape;tt0119345|I Know What You Did Last Summer;tt0064208|Death Rides a Horse;tt0373861|The Weeping Camel;tt4180576|Bridgend;tt0077188|Hitch Hike;tt0015064|The Last Laugh;tt0033582|The Face Behind the Mask;tt1656192|Special Forces;tt0073836|Late Night Trains;tt4932244|2 Lava 2 Lantula!;tt2316204|Alien: Covenant;tt0086429|Testament;tt0089902|Rendez-vous;tt0116756|Kazaam;tt0084739|Superstition;tt0814106|Flatland;tt0065656|Dorian Gray;tt0101640|Raise the Red Lantern;tt1572008|A Nanny for Christmas;tt1075747|Jonah Hex;tt1674775|Keyhole;tt0059044|Color Me Blood Red;tt0071256|The Ghost Galleon;tt4397382|LasseMajas detektivbyrå - Stella Nostra;tt0037826|The Jade Mask;tt0191037|Circus
tt1982113|Gerhard Richter Painting;tt0069024|Nothing But the Night;tt0068415|Seven Dead in the Cat's Eye;tt0041515|It's a Great Feeling;tt0106453|Body of Evidence;tt0071628|House of Whipcord;tt0077189|Avalanche;tt0109579|Death and the Maiden;tt0045992|The Lawless Breed;tt1767272|388 Arletta Avenue;tt0465551|Notes on a Scandal;tt0100911|Welcome Home, Roxy Carmichael;tt0064603|The Love Bug;tt0071521|Freebie and the Bean;tt0232500|The Fast and the Furious;tt3850214|Dope;tt0068271|Beware! The Blob;tt0093072|The Garbage Pail Kids Movie;tt0036596|An American Romance;tt5566936|Frankie Boyle: Hurt Like You've Never Been Loved;tt0110265|Killing Zoe;tt0070302|Lenny Bruce in 'Lenny Bruce';tt0095468|A Short Film About Killing;tt2294473|Lesson of the Evil;tt1462900|The Grandmaster;tt0432325|The Cave of the Yellow Dog;tt0368709|Elizabethtown;tt0089892|Red Heat;tt0015002|Hot Water;tt0044673|The Green Glove;tt0063740|Cemetery Without Crosses;tt0085253|Blood Rage;tt0096246|The Terror Within;tt0321442|The Big Empty;tt1790864|The Maze Runner;tt0053472|Breathless;tt0112288|The Addiction;tt1753496|Resident Evil: Damnation;tt0266861|The Halt;tt0372122|Adam & Steve;tt0058770|The Marriage of Balzaminov;tt0041473|Holiday Affair;tt0375210|White Noise;tt3569782|Jigarthanda;tt0058694|Two Thousand Maniacs!;tt1220634|Resident Evil: Afterlife;tt0037099|The Mummy's Ghost;tt0048960|Around the World in Eighty Days;tt0034923|Journey for Margaret
tt1639084|Tallulah;tt0069121|Prime Cut;tt1951264|The Hunger Games: Catching Fire;tt0405022|House of Boys;tt1702016|We the Party;tt0117883|Thesis;tt0077188|Hitch Hike;tt0087805|Ninja III: The Domination;tt0123865|Gia;tt1767382|Silent House;tt0233841|Baran;tt0384037|Love on the Side;tt0140796|Air Bud: Golden Receiver;tt0479647|Bon Cop Bad Cop;tt0889583|Brüno;tt0081383|Prom Night;tt1951265|The Hunger Games: Mockingjay - Part 1;tt0100507|Rocky V;tt0036630|San Pietro;tt0484855|George Carlin: Life Is Worth Losing;tt0252299|Buffalo Soldiers;tt5596266|Stephen Lynch: Hello Kalamazoo;tt0117718|The Spitfire Grill;tt2294449|22 Jump Street;tt0080971|The Victim;tt3495184|Sidetracked;tt0072353|Going Places;tt0330099|The Brown Bunny;tt0014972|He Who Gets Slapped;tt0033774|Johnny Eager;tt0081760|Windwalker;tt0328945|Cheerleader Massacre;tt0067017|Dracula vs. Frankenstein;tt0109078|Alien Nation: Dark Horizon;tt0048918|1984;tt0045810|Gentlemen Prefer Blondes;tt0491152|Something Borrowed;tt0061576|God Forgives... I Don't!;tt0207639|The Old Man and the Sea;tt1235414|Boys Love;tt0058745|Where Love Has Gone;tt0491722|Meet The Santas;tt0254872|Wishmaster 4: The Prophecy Fulfilled;tt0045780|Forbidden;tt0844479|The Collector;tt0071431|The Living Dead at Manchester Morgue;tt0045920|It Came from Outer Space;tt0105124|Perry Mason: The Case of the Fatal Framing;tt0374277|Touch of Pink
tt0101444|Big Girls Don't Cry... They Get Even;tt1891974|Ace Attorney;tt0068286|Bless the Beasts & Children;tt0041507|In the Good Old Summertime;tt0091060|Flodder;tt2082152|13 Eerie;tt0466399|Ten Canoes;tt0310357|Willard;tt0045886|Houdini;tt0073586|Psychic Killer;tt0119272|Heaven's Burning;tt0100924|Where the Heart Is;tt0116695|Jerry Maguire;tt0095286|Heart of Midnight;tt0889588|The Children of Huang Shi;tt0357470|The Battle of Shaker Heights;tt1951264|The Hunger Games: Catching Fire;tt1198075|Cougars, Inc.;tt0036719|The Conspirators;tt0246645|George Carlin: You Are All Diseased;tt0101761|The Doors;tt1747960|Bo Burnham: Words, Words, Words;tt0305669|Bringing Down the House;tt0905994|The Haunting Hour: Don't Think About It;tt1023111|Never Back Down;tt0481499|The Croods;tt0072007|What Have They Done to Your Daughters?;tt0232114|The Most Beautiful Wife;tt0135122|The Hilarious Posters;tt0033802|Ladies in Retirement;tt2072233|Sleepless;tt0092744|Cheerleader Camp;tt1093906|The Rig;tt0119116|The Fifth Element;tt1840309|Divergent;tt0031885|The Rules of the Game;tt0025731|Romance in Manhattan;tt2980210|A Hologram for the King;tt1013746|The Trip to Squash Land;tt0138414|Edge of Seventeen;tt1436559|Love, Wedding, Marriage;tt0107688|The Nightmare Before Christmas;tt0101692|Death in Brunswick;tt0093015|Dragons Forever;tt2393827|Howl;tt0094961|Dead Heat;tt0081414|Resurrection;tt0331632|Scooby-Doo 2: Monsters Unleashed;tt0480011|Straightheads
tt0073166|India Song;tt1891923|The Hoarder;tt1966385|City of Tiny Lights;tt0160429|The King and I;tt0106539|Chained Heat 2;tt0109303|Blown Away;tt0119506|Lawn Dogs;tt0117891|A Thin Line Between Love and Hate;tt3263904|Sully;tt0073540|Picnic at Hanging Rock;tt4874696|Borrowed Time;tt5493706|Death Race 2050;tt1083452|Eddie the Eagle;tt0425112|Hot Fuzz;tt1666186|Vampires Suck;tt1657510|Gimme Shelter;tt1951261|The Hangover Part III;tt1675434|The Intouchables;tt0036724|Cowboy Canteen;tt2901584|Kumail Nanjiani: Beta Male;tt0139362|High Art;tt5602318|Garfunkel and Oates: Trying to be Special;tt0305711|Just Married;tt0107949|Rescue Me;tt1772230|1911;tt0087164|A Summer at Grandpa's;tt0373024|Imaginary Heroes;tt0120037|Rossini;tt0014702|Beau Brummel;tt0033870|The Maltese Falcon;tt4791594|The Classified File;tt1473397|Lucky;tt0100765|The Terror Within II;tt1659216|Spiders;tt0387808|Idiocracy;tt0178642|The Invisible Circus;tt0093029|Five Corners;tt0099740|Hardware;tt0492940|Bugcrush;tt0138487|Head On;tt0111054|Safe Passage;tt0104431|Home Alone 2: Lost in New York;tt0095125|Faceless;tt0491244|Election 2;tt0821470|The City of Violence;tt1226681|Pontypool;tt0236348|Josie and the Pussycats;tt0331952|The Clearing;tt0424095|Flushed Away
tt2577990|Valentine Road;tt0069390|All the Colors of the Dark;tt0067992|Willy Wonka & the Chocolate Factory;tt0041158|The Barkleys of Broadway;tt0119879|Dance with the Devil;tt0094963|The Dead Pool;tt0090184|Tomboy;tt5154288|Prevenge;tt3264102|Red Army;tt0073453|Night Moves;tt0026071|Anna Karenina;tt3908142|The Love Witch;tt0077235|Big Wednesday;tt0425151|Jimmy and Judy;tt1666801|The DUFF;tt0095179|Friday the 13th Part VII: The New Blood;tt0068503|Dr. Phibes Rises Again;tt0296658|Take Care of My Cat;tt0036824|The Fighting Seabees;tt0246642|George Carlin: Doin' it Again;tt0139239|Go;tt4835894|Middle Man;tt0101869|Fever;tt0463998|Freedom Writers;tt2290567|Once Upon a Time in Shanghai;tt2870708|Wish I Was Here;tt4083572|Urge;tt0076706|Short Eyes;tt0014605|The White Sister;tt0033987|Out of the Fog;tt0069840|The Candy Snatchers;tt4857574|The Confessions of Thomas Quick;tt0067055|Equinox;tt0050545|Invasion of the Saucer-Men;tt0069768|Battle for the Planet of the Apes;tt1275786|Rise of the Gargoyles;tt0464105|Man Push Cart;tt4431208|Ice Guardians;tt0154152|Annabelle Serpentine Dance;tt0251110|Gypsy 83;tt0101595|Close My Eyes;tt4385026|Providence;tt4074928|Realive;tt0104558|Police Story 3: Supercop;tt2403021|The Green Inferno;tt1821352|Bong of the Dead;tt0081423|Revenge of the Stepford Wives;tt0353969|Memories of Murder;tt0117951|Trainspotting
tt0332422|The Sweatbox;tt1869716|The East;tt0067991|Willard;tt0040983|You Were Meant for Me;tt2229499|Don Jon;tt1629377|Kidnapped;tt0465551|Notes on a Scandal;tt0310775|Sympathy for Mr. Vengeance;tt3267734|Art of the Prank;tt0073240|The Killer Elite;tt0900387|Suite Française;tt0383862|Roma;tt3264102|Red Army;tt2350892|Bad Country;tt1667353|Mirror Mirror;tt0076313|Blood Relatives;tt0068505|Dracula A.D. 1972;tt0070643|Scarecrow;tt0036868|The Best Years of Our Lives;tt3110770|Road Hard;tt0094964|Dead Ringers;tt4835636|Chris Tucker Live;tt0423866|3-Iron;tt0089304|Hot Moves;tt0089461|The Last Dragon;tt0308379|Dark Water;tt0095036|Distant Thunder;tt0243255|Fat Girl;tt0014538|Three Ages;tt0044417|Beware, My Lovely;tt0090073|Stick;tt1345505|The Pig Farm;tt0116791|Killer Condom;tt2960930|Extraterrestrial;tt0318627|Resident Evil: Apocalypse;tt0041719|Orpheus;tt0179626|15 Minutes;tt0107333|Knights;tt0016129|The Movies;tt2871256|I Am Happiness on Earth;tt0042935|The Secret Fury;tt0356680|The Family Stone;tt0071413|Devil Times Five;tt0179493|Troublemaker;tt2409302|Why Don't You Play in Hell?;tt1817771|Freaks of Nature;tt0041503|Impact;tt0101688|Deadly Surveillance;tt1227787|London River
